{
    "nextId": 9,
    "items": [
        {
            "id": 1,
            "path": "data/media/photo_2019-06-17_18-02-53.jpg"
        },
        {
            "id": 2,
            "path": "data/media/photo_2019-06-17_18-02-53.jpg"
        },
        {
            "id": 3,
            "path": "data/media/photo_2019-06-17_18-02-53.jpg"
        },
        {
            "id": 4,
            "path": "data/media/Снимок экрана от 2020-09-14 22-27-13.png"
        },
        {
            "id": 5,
            "path": "data/media/1.jpg"
        },
        {
            "id": 6,
            "path": "data/media/photo_2019-06-17_18-02-53.jpg"
        },
        {
            "id": 7,
            "path": "data/media/image.MQ6.8.20190725172931.jpeg"
        },
        {
            "id": 8,
            "path": "data/media/image.MQ6.8.20190725172931.jpeg"
        }
    ]
}