{
    "nextId": 8,
    "items": [
        {
            "id": 1,
            "name": "HLTV",
            "address": "hltv.org",
            "visits_per_day": 1234,
            "count_of_ad_bunners": 34,
            "date_of_creating": "2020-10-08"
        },
        {
            "id": 2,
            "name": "youtube",
            "address": "youtube.com",
            "visits_per_day": 213,
            "count_of_ad_bunners": 12,
            "date_of_creating": "2010-11-11"
        },
        {
            "id": 3,
            "name": "twitch",
            "address": "twitch.com",
            "visits_per_day": 99999,
            "count_of_ad_bunners": 10,
            "date_of_creating": "2015-12-01"
        },
        {
            "id": 4,
            "name": "telegram",
            "address": "telegram.com",
            "visits_per_day": 3246,
            "count_of_ad_bunners": 0,
            "date_of_creating": "2017-11-11"
        },
        {
            "id": 5,
            "name": "vk",
            "address": "vk.com",
            "visits_per_day": 2093,
            "count_of_ad_bunners": 123,
            "date_of_creating": "2007-01-01"
        },
        {
            "id": 6,
            "name": "string",
            "address": "string",
            "visits_per_day": 0,
            "count_of_ad_bunners": 0,
            "date_of_creating": "2020-01-01"
        },
        {
            "id": 7,
            "name": "string",
            "address": "string",
            "visits_per_day": 0,
            "count_of_ad_bunners": 0,
            "date_of_creating": "2001-11-11"
        }
    ]
}